Sentiment,Timestamp,User,Platform,Retweets,Likes,Country,Year,Month,Day,Hour
Positive,2023-01-15 12:30:00,User123,Twitter,15.0,30.0,USA,2023,1,15,12
Negative,2023-01-15 08:45:00,CommuterX,Twitter,5.0,10.0,Canada,2023,1,15,8
Positive,2023-01-15 15:45:00,FitnessFan,Instagram,20.0,40.0,USA,2023,1,15,15
Positive,2023-01-15 18:20:00,AdventureX,Facebook,8.0,15.0,UK,2023,1,15,18
Neutral,2023-01-15 19:55:00,ChefCook,Instagram,12.0,25.0,Australia,2023,1,15,19
Positive,2023-01-16 09:10:00,GratitudeNow,Twitter,25.0,50.0,India,2023,1,16,9
Positive,2023-01-16 14:45:00,RainyDays,Facebook,10.0,20.0,Canada,2023,1,16,14
Positive,2023-01-16 19:30:00,MovieBuff,Instagram,15.0,30.0,USA,2023,1,16,19
Negative,2023-01-17 08:00:00,DebateTalk,Twitter,30.0,60.0,USA,2023,1,17,8
Neutral,2023-01-17 12:20:00,BeachLover,Facebook,18.0,35.0,Australia,2023,1,17,12
Positive,2023-01-17 15:15:00,BloggerX,Instagram,22.0,45.0,USA,2023,1,17,15
Negative,2023-01-18 10:30:00,WellnessCheck,Twitter,7.0,15.0,Canada,2023,1,18,10
Positive,2023-01-18 14:50:00,UrbanExplorer,Facebook,12.0,25.0,UK,2023,1,18,14
Positive,2023-01-18 18:00:00,FitJourney,Instagram,28.0,55.0,USA,2023,1,18,18
Neutral,2023-01-19 09:45:00,TechEnthusiast,Twitter,15.0,30.0,India,2023,1,19,9
Positive,2023-01-19 13:20:00,Reflections,Facebook,20.0,40.0,USA,2023,1,19,13
Positive,2023-01-19 17:10:00,PetAdopter,Instagram,15.0,30.0,Canada,2023,1,19,17
Positive,2023-01-20 00:05:00,GamerX,Twitter,18.0,35.0,UK,2023,1,20,0
Neutral,2023-01-20 11:30:00,TechConference,Facebook,25.0,50.0,USA,2023,1,20,11
Negative,2023-01-20 15:15:00,WinterBlues,Instagram,8.0,15.0,USA,2023,1,20,15
Positive,2023-01-21 08:40:00,Bookworm,Twitter,22.0,45.0,India,2023,1,21,8
Positive,2023-01-21 13:20:00,VRExplorer,Facebook,15.0,30.0,USA,2023,1,21,13
Positive,2023-01-21 16:45:00,ProductivityPro,Instagram,30.0,60.0,USA,2023,1,21,16
Positive,2023-01-22 09:15:00,FitnessWarrior,Twitter,20.0,40.0,UK,2023,1,22,9
Positive,2023-01-22 14:30:00,CareerMilestone,Facebook,12.0,25.0,Canada,2023,1,22,14
Positive,2023-01-22 12:00:00,BrunchBuddy,Instagram,15.0,30.0,UK,2023,1,22,12
Positive,2023-01-23 16:20:00,LanguageLearner,Facebook,25.0,50.0,India,2023,1,23,16
Positive,2023-01-23 19:45:00,BookLover,Instagram,15.0,30.0,Australia,2023,1,23,19
Positive,2023-01-24 11:30:00,MentalHealthMatters,Twitter,22.0,45.0,USA,2023,1,24,11
Positive,2023-01-24 15:00:00,ArtistInAction,Facebook,12.0,25.0,Canada,2023,1,24,15
Positive,2023-01-24 17:30:00,RoadTripper,Instagram,18.0,35.0,UK,2023,1,24,17
Positive,2023-01-25 18:00:00,SunsetWatcher,Twitter,15.0,30.0,India,2023,1,25,18
Positive,2023-01-25 13:15:00,CodeEnthusiast,Facebook,30.0,60.0,USA,2023,1,25,13
Positive,2023-01-26 09:45:00,WorkshopAttendee,Instagram,25.0,50.0,USA,2023,1,26,9
Positive,2023-01-26 14:20:00,WinterSports,Twitter,15.0,30.0,Canada,2023,1,26,14
Positive,2023-01-26 17:40:00,FamilyTime,Facebook,22.0,45.0,UK,2023,1,26,17
Positive,2023-01-27 20:00:00,MusicLover,Instagram,18.0,35.0,USA,2023,1,27,20
Positive,2023-01-27 12:30:00,MindfulMoments,Twitter,15.0,30.0,India,2023,1,27,12
Positive,2023-01-27 16:10:00,DessertExplorer,Facebook,12.0,25.0,Canada,2023,1,27,16
Positive,2023-01-28 09:00:00,GamingEnthusiast,Instagram,30.0,60.0,USA,2023,1,28,9
Positive,2023-01-28 14:45:00,GardenPlanner,Twitter,25.0,50.0,USA,2023,1,28,14
Positive,2023-01-28 19:30:00,BirthdayBash,Facebook,15.0,30.0,UK,2023,1,28,19
Positive,2023-01-29 17:00:00,ProductivityWin,Instagram,22.0,45.0,India,2023,1,29,17
Positive,2023-01-29 20:20:00,MovieNight,Twitter,18.0,35.0,Canada,2023,1,29,20
Positive,2023-01-30 11:30:00,ArtExplorer,Facebook,15.0,30.0,USA,2023,1,30,11
Positive,2023-01-30 15:45:00,BookwormX,Instagram,12.0,25.0,UK,2023,1,30,15
Positive,2023-01-30 18:30:00,VRMeetup,Twitter,28.0,55.0,India,2023,1,30,18
Positive,2023-01-31 10:45:00,NatureLover,Facebook,15.0,30.0,Australia,2023,1,31,10
Positive,2023-01-31 19:00:00,ChefAtHome,Instagram,20.0,40.0,USA,2023,1,31,19
Positive,2023-01-31 16:20:00,OptimisticMindset,Twitter,15.0,30.0,Canada,2023,1,31,16
Positive,2023-02-01 08:00:00,FitnessChallenge,Facebook,22.0,45.0,UK,2023,2,1,8
Positive,2023-02-01 13:30:00,BikeExplorer,Instagram,18.0,35.0,USA,2023,2,1,13
Anger,2023-02-11 09:30:00,SocialJustice,Twitter,20.0,40.0,Canada,2023,2,11,9
Fear,2023-02-11 21:15:00,ThrillerFan,Instagram,15.0,30.0,USA,2023,2,11,21
Sadness,2023-02-12 14:45:00,EmpathyFirst,Facebook,25.0,50.0,India,2023,2,12,14
Disgust,2023-02-12 18:20:00,EcoAwareness,Twitter,18.0,35.0,UK,2023,2,12,18
Happiness,2023-02-13 10:00:00,ProudFriend,Instagram,30.0,60.0,USA,2023,2,13,10
Joy,2023-02-13 19:30:00,ComedyFan,Facebook,22.0,45.0,Canada,2023,2,13,19
Love,2023-02-14 08:30:00,LoveSpreader,Twitter,15.0,30.0,Australia,2023,2,14,8
Amusement,2023-02-14 14:20:00,AmusedSoul,Instagram,18.0,35.0,UK,2023,2,14,14
Enjoyment,2023-02-14 19:45:00,BookLoverAgain,Facebook,25.0,50.0,Canada,2023,2,14,19
Admiration,2023-02-15 11:30:00,NatureAdmirer,Twitter,20.0,40.0,USA,2023,2,15,11
Affection,2023-02-15 16:00:00,AffectionSender,Instagram,15.0,30.0,USA,2023,2,15,16
Awe,2023-02-15 20:30:00,AweStruck,Facebook,22.0,45.0,Australia,2023,2,15,20
Disappointed,2023-02-16 09:00:00,FoodieGoneWrong,Twitter,18.0,35.0,India,2023,2,16,9
Surprise,2023-02-16 14:45:00,HappySurprise,Instagram,25.0,50.0,USA,2023,2,16,14
Acceptance,2023-02-16 18:20:00,AcceptanceSeeker,Facebook,15.0,30.0,Canada,2023,2,16,18
Adoration,2023-02-17 10:45:00,PetAdorer,Twitter,22.0,45.0,UK,2023,2,17,10
Anticipation,2023-02-17 07:30:00,AdventureAwaits,Instagram,20.0,40.0,USA,2023,2,17,7
Bitter,2023-02-17 15:00:00,LearnFromBitter,Facebook,18.0,35.0,USA,2023,2,17,15
Calmness,2023-02-18 09:30:00,ZenMaster,Twitter,15.0,30.0,India,2023,2,18,9
Confusion,2023-02-18 14:20:00,ConfusedMind,Instagram,25.0,50.0,UK,2023,2,18,14
Excitement,2023-02-18 18:45:00,VacationDreamer,Facebook,22.0,45.0,Canada,2023,2,18,18
Kind,2023-02-19 11:30:00,KindnessPrevails,Twitter,20.0,40.0,USA,2023,2,19,11
Pride,2023-02-19 16:00:00,PersonalAchiever,Instagram,30.0,60.0,Australia,2023,2,19,16
Shame,2023-02-19 19:45:00,ReflectiveSelf,Facebook,15.0,30.0,India,2023,2,19,19
Anger,2023-02-20 09:30:00,AngryDebater,Twitter,20.0,40.0,Canada,2023,2,20,9
Fear,2023-02-20 21:15:00,FearfulDreamer,Instagram,15.0,30.0,USA,2023,2,20,21
Sadness,2023-02-21 14:45:00,FarewellHeart,Facebook,25.0,50.0,India,2023,2,21,14
Disgust,2023-02-21 18:20:00,AntiCorruption,Twitter,18.0,35.0,UK,2023,2,21,18
Happiness,2023-02-22 10:00:00,NewParentJoy,Instagram,30.0,60.0,UK,2023,2,22,10
Joy,2023-02-22 19:30:00,StandUpFan,Facebook,22.0,45.0,Canada,2023,2,22,19
Love,2023-02-23 08:30:00,LoveSender,Twitter,15.0,30.0,Australia,2023,2,23,8
Amusement,2023-02-23 14:20:00,PetAmuser,Instagram,18.0,35.0,UK,2023,2,23,14
Enjoyment,2023-02-23 19:45:00,TravelExplorer,Facebook,25.0,50.0,USA,2023,2,23,19
Admiration,2023-02-24 11:30:00,CharityAdmirer,Twitter,20.0,40.0,USA,2023,2,24,11
Affection,2023-02-24 16:00:00,FamilyLover,Instagram,15.0,30.0,USA,2023,2,24,16
Awe,2023-02-24 20:30:00,Stargazer,Facebook,22.0,45.0,Australia,2023,2,24,20
Disappointed,2023-02-25 09:00:00,ProjectStruggle,Twitter,18.0,35.0,India,2023,2,25,9
Surprise,2023-02-25 14:45:00,JoyfulReunion,Instagram,25.0,50.0,USA,2023,2,25,14
Acceptance,2023-02-25 18:20:00,LifeAcceptance,Facebook,15.0,30.0,Canada,2023,2,25,18
Adoration,2023-02-26 10:45:00,PuppyAdmirer,Twitter,22.0,45.0,UK,2023,2,26,10
Anticipation,2023-02-26 07:30:00,MovieBuff2,Instagram,20.0,40.0,Australia,2023,2,26,7
Bitter,2023-02-26 15:00:00,CustomerWoes,Facebook,18.0,35.0,USA,2023,2,26,15
Calmness,2023-02-27 09:30:00,CalmSoul,Twitter,15.0,30.0,India,2023,2,27,9
Confusion,2023-02-27 14:20:00,ConfusedMind2,Instagram,25.0,50.0,UK,2023,2,27,14
Excitement,2023-02-27 18:45:00,BirthdayExcite,Facebook,22.0,45.0,Canada,2023,2,27,18
Kind,2023-02-28 11:30:00,KindnessObserver,Twitter,20.0,40.0,USA,2023,2,28,11
Pride,2023-02-28 16:00:00,FitAchiever,Instagram,30.0,60.0,UK,2023,2,28,16
Shame,2023-02-28 19:45:00,ReflectiveSelf2,Facebook,15.0,30.0,India,2023,2,28,19
Acceptance,2023-03-01 10:45:00,DiversityLover,Twitter,22.0,45.0,Australia,2023,3,1,10
Excitement,2023-03-01 13:30:00,BookwormJoy,Instagram,18.0,35.0,USA,2023,3,1,13
Bitter,2023-03-01 17:45:00,WorkplaceWoes,Twitter,15.0,30.0,Canada,2023,3,1,17
Calmness,2023-03-02 18:00:00,MindfulMe,Facebook,15.0,30.0,UK,2023,3,2,18
Confusion,2023-03-02 13:15:00,ConfusedMind3,Instagram,30.0,60.0,USA,2023,3,2,13
Excitement,2023-03-02 16:45:00,RoadTripper2,Twitter,25.0,50.0,India,2023,3,2,16
Kind,2023-03-03 11:30:00,KindnessPrevails2,Facebook,22.0,45.0,USA,2023,3,3,11
Pride,2023-03-03 14:30:00,GoalAchiever,Instagram,12.0,25.0,Canada,2023,3,3,14
Shame,2023-03-03 12:00:00,ReflectiveSelf3,Twitter,15.0,30.0,UK,2023,3,3,12
Elation,2010-05-15 15:30:00,NostalgiaFan,Twitter,20.0,40.0,Canada,2010,5,15,15
Euphoria,2021-08-10 21:15:00,SportsFanatic,Instagram,15.0,30.0,USA,2021,8,10,21
Contentment,2011-06-20 14:45:00,NatureLover2,Facebook,25.0,50.0,India,2011,6,20,14
Serenity,2022-02-12 18:20:00,ZenMaster2,Twitter,18.0,35.0,UK,2022,2,12,18
Gratitude,2012-11-25 10:00:00,ThankfulHeart,Instagram,30.0,60.0,Australia,2012,11,25,10
Hope,2013-04-05 19:30:00,OptimisticSoul,Facebook,22.0,45.0,USA,2013,4,5,19
Empowerment,2014-09-14 08:30:00,CommunityLeader,Twitter,15.0,30.0,UK,2014,9,14,8
Compassion,2015-07-18 14:20:00,CharitySupporter,Instagram,18.0,35.0,Canada,2015,7,18,14
Tenderness,2016-02-23 19:45:00,LovingHeart,Facebook,25.0,50.0,UK,2016,2,23,19
Arousal,2017-10-30 11:30:00,ExcitementFan,Twitter,20.0,40.0,Australia,2017,10,30,11
Enthusiasm,2018-06-15 16:00:00,ProjectEnthusiast,Instagram,15.0,30.0,USA,2018,6,15,16
Fulfillment,2019-03-28 18:20:00,MilestoneAchiever,Facebook,22.0,45.0,India,2019,3,28,18
Reverence,2019-11-11 15:00:00,HistoryLover,Twitter,18.0,35.0,UK,2019,11,11,15
Elation,2020-04-02 09:30:00,JoyfulReunion2,Instagram,25.0,50.0,Canada,2020,4,2,9
Euphoria,2021-06-19 14:45:00,MusicEnthusiast,Facebook,15.0,30.0,USA,2021,6,19,14
Contentment,2010-08-15 10:00:00,SimpleJoys,Twitter,30.0,60.0,Australia,2010,8,15,10
Serenity,2011-09-22 19:30:00,BookLover3,Instagram,22.0,45.0,UK,2011,9,22,19
Gratitude,2012-03-10 08:30:00,SupportiveFriend,Facebook,15.0,30.0,India,2012,3,10,8
Hope,2013-12-05 16:00:00,JourneyOptimist,Twitter,18.0,35.0,Canada,2013,12,5,16
Empowerment,2014-07-20 11:30:00,GrowthSeeker,Instagram,25.0,50.0,USA,2014,7,20,11
Compassion,2015-12-22 14:20:00,HolidayHelper,Facebook,18.0,35.0,USA,2015,12,22,14
Tenderness,2016-02-10 19:45:00,WinterWarmth,Twitter,25.0,50.0,UK,2016,2,10,19
Arousal,2017-04-30 11:30:00,AdventureAwaits,Instagram,20.0,40.0,Australia,2017,4,30,11
Enthusiasm,2018-09-15 16:00:00,CreativeSpirit,Facebook,15.0,30.0,Canada,2018,9,15,16
Fulfillment,2019-06-28 18:20:00,FitnessAchiever,Twitter,22.0,45.0,India,2019,6,28,18
Reverence,2020-11-11 15:00:00,ArtAppreciator,Instagram,18.0,35.0,UK,2020,11,11,15
Elation,2021-03-02 09:30:00,GoalAchiever2,Facebook,25.0,50.0,USA,2021,3,2,9
Elation,2012-02-18 14:30:00,UrbanExplorer2,Twitter,20.0,40.0,USA,2012,2,18,14
Euphoria,2018-11-05 21:45:00,BirthdayJoy,Instagram,15.0,30.0,UK,2018,11,5,21
Contentment,2015-09-12 13:20:00,HomeChef,Facebook,25.0,50.0,India,2015,9,12,13
Serenity,2016-07-30 18:10:00,MusicLover4,Twitter,18.0,35.0,Canada,2016,7,30,18
Gratitude,2013-04-20 10:30:00,CommunityLove,Instagram,30.0,60.0,USA,2013,4,20,10
Hope,2017-12-08 19:15:00,EntrepreneurHope,Facebook,22.0,45.0,Canada,2017,12,8,19
Empowerment,2014-06-03 08:20:00,MentorEmpower,Twitter,15.0,30.0,UK,2014,6,3,8
Compassion,2019-01-15 14:50:00,KindnessInAction,Instagram,18.0,35.0,Australia,2019,1,15,14
Tenderness,2016-12-25 19:30:00,LoveExpress,Facebook,25.0,50.0,UK,2016,12,25,19
Arousal,2018-03-10 09:45:00,TravelExcitement,Twitter,20.0,40.0,India,2018,3,10,9
Enthusiasm,2020-09-17 16:30:00,ArtisticSpirit,Instagram,15.0,30.0,USA,2020,9,17,16
Fulfillment,2011-08-28 18:45:00,HelperHeart,Facebook,22.0,45.0,Canada,2011,8,28,18
Reverence,2017-11-01 15:30:00,HistoryBuff,Twitter,18.0,35.0,Australia,2017,11,1,15
Elation,2019-06-15 10:00:00,FitnessAchiever2,Instagram,25.0,50.0,UK,2019,6,15,10
Euphoria,2022-04-03 11:45:00,ProductLaunchJoy,Facebook,15.0,30.0,USA,2022,4,3,11
Contentment,2010-11-12 20:20:00,LovingEmbrace,Twitter,30.0,60.0,India,2010,11,12,20
Serenity,2011-07-22 18:30:00,SunsetWatcher2,Instagram,22.0,45.0,Canada,2011,7,22,18
Gratitude,2012-03-30 11:20:00,JoyfulHeart2,Facebook,15.0,30.0,Australia,2012,3,30,11
Hope,2013-10-05 16:40:00,GrowthOptimist,Twitter,18.0,35.0,UK,2013,10,5,16
Empowerment,2014-07-10 13:15:00,SkillEmpower,Instagram,25.0,50.0,India,2014,7,10,13
Compassion,2015-12-18 14:20:00,CharityVolunteer,Facebook,18.0,35.0,USA,2015,12,18,14
Tenderness,2016-02-10 19:45:00,PetLove,Twitter,25.0,50.0,Canada,2016,2,10,19
Arousal,2017-09-25 11:30:00,FestivalFan,Instagram,20.0,40.0,UK,2017,9,25,11
Enthusiasm,2018-04-15 16:00:00,DIYEnthusiast,Facebook,15.0,30.0,Australia,2018,4,15,16
Fulfillment,2019-11-28 18:20:00,PuzzleMaster,Twitter,22.0,45.0,India,2019,11,28,18
Reverence,2020-05-11 15:00:00,NatureAdmirer,Instagram,18.0,35.0,USA,2020,5,11,15
Elation,2021-02-05 09:30:00,ChildhoodJoy,Facebook,25.0,50.0,Canada,2021,2,5,9
Despair,2021-03-10 08:30:00,StrugglingSoul,Twitter,5.0,10.0,USA,2021,3,10,8
Grief,2022-07-05 15:45:00,MourningHeart,Instagram,8.0,15.0,Canada,2022,7,5,15
Loneliness,2019-11-18 21:20:00,SolitarySoul,Facebook,10.0,20.0,UK,2019,11,18,21
Jealousy,2020-08-12 11:30:00,EnviousObserver,Twitter,12.0,25.0,India,2020,8,12,11
Resentment,2018-05-22 14:45:00,BitterHeart,Instagram,7.0,15.0,Australia,2018,5,22,14
Frustration,2017-01-30 16:10:00,BlockedGoals,Facebook,10.0,20.0,USA,2017,1,30,16
Boredom,2016-09-28 19:45:00,BoredMind,Twitter,8.0,15.0,Canada,2016,9,28,19
Anxiety,2019-04-15 09:00:00,WorriedMind,Instagram,12.0,25.0,UK,2019,4,15,9
Intimidation,2021-12-03 18:30:00,FearfulSoul,Facebook,15.0,30.0,India,2021,12,3,18
Helplessness,2020-06-20 14:20:00,OverwhelmedHeart,Twitter,8.0,15.0,Australia,2020,6,20,14
Envy,2018-11-07 11:30:00,CovetousMind,Instagram,10.0,20.0,Canada,2018,11,7,11
Regret,2017-08-25 16:00:00,RemorsefulSoul,Facebook,12.0,25.0,UK,2017,8,25,16
Disgust,2019-02-11 09:45:00,DisgustedHeart,Twitter,7.0,15.0,India,2019,2,11,9
Despair,2016-04-02 20:20:00,HopelessHeart,Instagram,10.0,20.0,USA,2016,4,2,20
Grief,2015-10-18 15:30:00,TearfulSoul,Facebook,12.0,25.0,Canada,2015,10,18,15
Loneliness,2019-07-12 18:10:00,IsolatedMind,Twitter,15.0,30.0,UK,2019,7,12,18
Jealousy,2018-06-03 16:30:00,SelfDoubt,Instagram,8.0,15.0,India,2018,6,3,16
Resentment,2022-01-15 12:00:00,BrokenTrust,Facebook,10.0,20.0,Australia,2022,1,15,12
Frustration,2017-04-10 14:45:00,ExplosiveMind,Twitter,12.0,25.0,USA,2017,4,10,14
Boredom,2016-11-28 19:00:00,MundaneHeart,Instagram,7.0,15.0,Canada,2016,11,28,19
Anxiety,2018-09-05 09:30:00,RestlessMind,Facebook,10.0,20.0,UK,2018,9,5,9
Intimidation,2021-10-22 18:30:00,FearfulJourney,Twitter,15.0,30.0,India,2021,10,22,18
Helplessness,2019-05-08 14:20:00,OverwhelmedSoul,Instagram,8.0,15.0,Australia,2019,5,8,14
Envy,2017-03-20 11:30:00,GreenEyedMonster,Facebook,10.0,20.0,Canada,2017,3,20,11
Regret,2018-12-15 16:00:00,RegretfulMind,Twitter,12.0,25.0,USA,2018,12,15,16
Disgust,2016-07-01 09:45:00,CorruptedHeart,Instagram,7.0,15.0,UK,2016,7,1,9
Despair,2020-08-20 20:20:00,DrowningSoul,Facebook,10.0,20.0,India,2020,8,20,20
Grief,2021-02-25 15:30:00,StormyHeart,Twitter,12.0,25.0,Canada,2021,2,25,15
Loneliness,2019-09-12 18:10:00,EchoingSoul,Instagram,15.0,30.0,Australia,2019,9,12,18
Jealousy,2018-08-05 16:30:00,PoisonedMind,Facebook,8.0,15.0,USA,2018,8,5,16
Resentment,2017-01-12 12:00:00,UnforgivingSoul,Twitter,10.0,20.0,India,2017,1,12,12
Frustration,2022-04-05 14:45:00,ThunderingMind,Instagram,12.0,25.0,UK,2022,4,5,14
Boredom,2021-10-02 19:00:00,StagnantHeart,Facebook,7.0,15.0,Canada,2021,10,2,19
Curiosity,2023-04-15 10:15:00,InquisitiveMind,Twitter,15.0,30.0,USA,2023,4,15,10
Indifference,2022-11-28 17:30:00,ApatheticObserver,Instagram,7.0,15.0,Canada,2022,11,28,17
Confusion,2020-04-02 09:45:00,SeekingClarity,Facebook,10.0,20.0,UK,2020,4,2,9
Numbness,2021-08-10 14:00:00,EmotionallyDistant,Twitter,8.0,15.0,India,2021,8,10,14
Melancholy,2019-06-18 20:45:00,SunsetDreamer,Instagram,12.0,25.0,Australia,2019,6,18,20
Nostalgia,2018-02-05 15:15:00,MemoryLaneTraveler,Facebook,10.0,20.0,USA,2018,2,5,15
Ambivalence,2022-05-30 11:30:00,MixedFeelings,Twitter,12.0,25.0,Canada,2022,5,30,11
Acceptance,2023-01-10 16:20:00,ZenLifestyle,Instagram,15.0,30.0,UK,2023,1,10,16
Determination,2020-09-18 13:45:00,ResilientSpirit,Facebook,10.0,20.0,India,2020,9,18,13
Serenity,2021-07-03 19:00:00,NatureSoul,Twitter,12.0,25.0,Australia,2021,7,3,19
Curiosity,2022-10-08 08:15:00,EternalLearner,Instagram,20.0,40.0,USA,2022,10,8,8
Indifference,2023-03-22 16:30:00,AloofObserver,Facebook,10.0,20.0,Canada,2023,3,22,16
Confusion,2021-05-15 11:45:00,ThoughtExplorer,Twitter,15.0,30.0,UK,2021,5,15,11
Numbness,2019-12-28 14:30:00,StoicSoul,Instagram,8.0,15.0,Australia,2019,12,28,14
Melancholy,2020-03-01 19:00:00,DreamerInSilence,Facebook,12.0,25.0,India,2020,3,1,19
Nostalgia,2018-07-10 15:45:00,JournalKeeper,Twitter,10.0,20.0,Canada,2018,7,10,15
Ambivalence,2022-01-05 10:30:00,ThreadWeaver,Instagram,12.0,25.0,UK,2022,1,5,10
Acceptance,2021-08-20 16:20:00,SelfLoveAdvocate,Facebook,15.0,30.0,Australia,2021,8,20,16
Determination,2019-11-03 13:45:00,DreamChaser,Twitter,18.0,35.0,USA,2019,11,3,13
Serenity,2020-04-12 19:30:00,OceanSoul,Instagram,25.0,50.0,Canada,2020,4,12,19
Curiosity,2022-04-15 08:45:00,HorizonExplorer,Facebook,22.0,45.0,India,2022,4,15,8
Indifference,2023-02-10 17:00:00,NonchalantSpirit,Twitter,9.0,18.0,UK,2023,2,10,17
Confusion,2020-08-05 12:15:00,ComplexThinker,Instagram,14.0,28.0,Australia,2020,8,5,12
Numbness,2021-12-01 15:30:00,ShieldedHeart,Facebook,10.0,20.0,USA,2021,12,1,15
Melancholy,2019-03-25 21:00:00,SymphonySoul,Twitter,13.0,26.0,Canada,2019,3,25,21
Nostalgia,2017-06-18 14:45:00,YearbookExplorer,Instagram,12.0,25.0,India,2017,6,18,14
Ambivalence,2022-07-08 11:30:00,DecisiveDilemma,Facebook,15.0,30.0,Australia,2022,7,8,11
Acceptance,2023-05-15 16:20:00,ImperfectHarmony,Twitter,18.0,36.0,Canada,2023,5,15,16
Determination,2021-09-10 14:45:00,VisionarySpirit,Instagram,20.0,40.0,UK,2021,9,10,14
Serenity,2020-02-28 18:30:00,ForestDreamer,Facebook,25.0,50.0,USA,2020,2,28,18
Indifference,2023-03-10 16:30:00,SilentSpectator,Instagram,9.0,18.0,India,2023,3,10,16
Confusion,2021-05-02 11:45:00,MazeNavigator,Facebook,14.0,28.0,Australia,2021,5,2,11
Numbness,2019-10-18 14:30:00,ResilientFortress,Twitter,11.0,22.0,UK,2019,10,18,14
Melancholy,2020-01-05 20:00:00,CanvasDreamer,Instagram,13.0,26.0,USA,2020,1,5,20
Nostalgia,2018-08-10 15:45:00,DiaryExplorer,Facebook,12.0,25.0,Canada,2018,8,10,15
Ambivalence,2022-01-15 10:30:00,CrossroadsTraveler,Twitter,15.0,30.0,India,2022,1,15,10
Acceptance,2021-07-20 16:20:00,MosaicDreamer,Instagram,18.0,36.0,Australia,2021,7,20,16
Determination,2019-12-03 13:45:00,PathfinderSpirit,Facebook,20.0,40.0,USA,2019,12,3,13
Serenity,2020-04-12 19:30:00,RaindropHarmony,Twitter,25.0,50.0,Canada,2020,4,12,19
Curiosity,2022-05-08 08:45:00,SeekerOfUnknowns,Instagram,22.0,45.0,UK,2022,5,8,8
Indifference,2023-02-22 17:00:00,NonchalantWanderer,Facebook,9.0,18.0,India,2023,2,22,17
Confusion,2020-06-05 12:15:00,ShadowedSeeker,Twitter,14.0,28.0,Australia,2020,6,5,12
Numbness,2021-11-30 15:30:00,TurbulentShield,Instagram,10.0,20.0,Canada,2021,11,30,15
Melancholy,2019-02-25 21:00:00,WistfulPainter,Facebook,13.0,26.0,UK,2019,2,25,21
Nostalgia,2017-05-18 14:45:00,TaleWeaver,Twitter,12.0,25.0,USA,2017,5,18,14
Ambivalence,2022-08-05 11:30:00,CrossroadsExplorer,Instagram,15.0,30.0,Canada,2022,8,5,11
Acceptance,2023-06-15 16:20:00,MosaicArtist,Facebook,18.0,36.0,Australia,2023,6,15,16
Determination,2021-10-10 14:45:00,DreamSculptor,Twitter,20.0,40.0,UK,2021,10,10,14
Serenity,2020-05-12 19:30:00,MoonlitSoul,Instagram,25.0,50.0,USA,2020,5,12,19
Curiosity,2022-12-01 09:15:00,FearlessExplorer,Facebook,22.0,44.0,India,2022,12,1,9
Zest,2018-07-12 17:45:00,JoyfulDancer,Twitter,15.0,30.0,USA,2018,7,12,17
Contentment,2020-09-05 20:10:00,SereneBasker,Facebook,18.0,36.0,Australia,2020,9,5,20
Hopeful,2022-04-18 08:00:00,DreamPainter,Instagram,12.0,24.0,India,2022,4,18,8
Proud,2019-12-10 12:20:00,OakAchiever,Twitter,25.0,50.0,Canada,2019,12,10,12
Grateful,2023-02-28 09:45:00,HeartGardener,Facebook,20.0,40.0,USA,2023,2,28,9
Empathetic,2018-04-03 14:15:00,ThreadWeaver,Instagram,15.0,30.0,UK,2018,4,3,14
Compassionate,2022-06-20 10:30:00,CloudCaretaker,Twitter,18.0,36.0,Australia,2022,6,20,10
Playful,2020-07-08 18:00:00,RainDancer,Facebook,22.0,44.0,Canada,2020,7,8,18
Free-spirited,2021-08-15 11:10:00,SkyPainter,Instagram,20.0,40.0,India,2021,8,15,11
Inspired,2019-10-25 16:50:00,PhoenixExplorer,Twitter,15.0,30.0,UK,2019,10,25,16
Hopeful,2023-10-05 07:30:00,SunriseNavigator,Facebook,12.0,24.0,USA,2023,10,5,7
Confident,2022-02-15 13:15:00,SandStrider,Instagram,25.0,50.0,Australia,2022,2,15,13
Serenity,2021-05-08 22:00:00,NightSerenader,Twitter,13.0,26.0,Canada,2021,5,8,22
Curiosity,2020-11-29 14:45:00,KnowledgeSeeker,Instagram,17.0,34.0,USA,2020,11,29,14
Ambivalence,2019-09-14 10:20:00,BreezeWaltzer,Facebook,14.0,28.0,UK,2019,9,14,10
Grateful,2022-03-12 19:55:00,StarNavigator,Twitter,19.0,38.0,Australia,2022,3,12,19
Zest,2023-03-30 16:30:00,MeadowSprinter,Instagram,16.0,32.0,India,2023,3,30,16
Compassionate,2021-07-01 12:10:00,RainNurturer,Facebook,21.0,42.0,Canada,2021,7,1,12
Proud,2020-01-05 08:45:00,PeakConqueror,Twitter,23.0,46.0,USA,2020,1,5,8
Hopeful,2022-07-17 06:15:00,DawnGardener,Instagram,14.0,28.0,UK,2022,7,17,6
Playful,2018-08-22 17:20:00,CarnivalDreamer,Facebook,24.0,48.0,Australia,2018,8,22,17
Inspired,2021-12-08 14:30:00,SkyArtist,Twitter,18.0,36.0,India,2021,12,8,14
Contentment,2019-04-27 09:50:00,RiverNavigator,Instagram,20.0,40.0,Canada,2019,4,27,9
Empathetic,2023-09-03 21:40:00,LanternWanderer,Facebook,16.0,32.0,USA,2023,9,3,21
Free-spirited,2020-06-10 10:05:00,DreamSoarer,Twitter,22.0,44.0,UK,2020,6,10,10
Grateful,2022-04-01 18:30:00,SunsetAdmirer,Instagram,19.0,38.0,Australia,2022,4,1,18
Confident,2021-01-15 13:00:00,DanceStrider,Facebook,23.0,46.0,Canada,2021,1,15,13
Hopeful,2023-05-06 07:20:00,WindWhisperer,Twitter,15.0,30.0,India,2023,5,6,7
Playful,2019-11-18 15:15:00,JugglingArtist,Instagram,25.0,50.0,USA,2019,11,18,15
Inspired,2020-08-29 20:45:00,StarStoryteller,Facebook,14.0,28.0,UK,2020,8,29,20
Hopeful,2022-10-30 11:40:00,WaveNavigator,Twitter,17.0,34.0,Australia,2022,10,30,11
Compassionate,2021-07-01 12:10:00,RainNurturer,Instagram,21.0,42.0,Canada,2021,7,1,12
Hopeful,2022-07-17 06:15:00,DawnGardener,Instagram,14.0,28.0,India,2022,7,17,6
Despair,2021-09-15 16:00:00,ShatteredHeart,Instagram,8.0,16.0,Canada,2021,9,15,16
Bitterness,2019-03-08 14:20:00,VenomousSoul,Facebook,12.0,24.0,UK,2019,3,8,14
Loneliness,2017-07-20 11:45:00,DesertWanderer,Twitter,15.0,30.0,USA,2017,7,20,11
Yearning,2020-11-02 19:30:00,ColdEmbrace,Instagram,10.0,20.0,Australia,2020,11,2,19
Fearful,2022-05-12 02:00:00,NightPrisoner,Facebook,18.0,36.0,India,2022,5,12,2
Apprehensive,2023-04-08 13:15:00,TightropeWalker,Twitter,14.0,28.0,UK,2023,4,8,13
Overwhelmed,2021-06-25 17:50:00,AtlasBearer,Instagram,22.0,44.0,Canada,2021,6,25,17
Jealous,2019-08-30 10:10:00,GreenMonster,Facebook,16.0,32.0,USA,2019,8,30,10
Devastated,2022-08-03 15:30:00,StormSurvivor,Twitter,25.0,50.0,Australia,2022,8,3,15
Frustrated,2020-12-17 09:20:00,PuzzleComposer,Instagram,12.0,24.0,India,2020,12,17,9
Envious,2021-02-28 22:45:00,GildedHeartache,Facebook,20.0,40.0,USA,2021,2,28,22
Dismissive,2018-05-10 14:00:00,IndifferentFort,Twitter,14.0,28.0,UK,2018,5,10,14
Frustrated,2022-01-07 11:10:00,DreamMosaic,Instagram,15.0,30.0,Canada,2022,1,7,11
Loneliness,2019-09-19 03:30:00,NocturnalEcho,Facebook,18.0,36.0,Australia,2019,9,19,3
Fearful,2023-07-14 23:00:00,DarkWhispers,Twitter,13.0,26.0,UK,2023,7,14,23
Bitterness,2020-04-05 16:20:00,LingeringTaste,Instagram,10.0,20.0,India,2020,4,5,16
Overwhelmed,2021-11-29 08:45:00,TempestSurvivor,Facebook,20.0,40.0,USA,2021,11,29,8
Jealous,2019-12-12 17:00:00,VenomousHeart,Twitter,16.0,32.0,Australia,2019,12,12,17
Devastated,2022-05-20 14:50:00,FragileTrust,Instagram,25.0,50.0,Canada,2022,5,20,14
Frustrated,2020-09-03 12:15:00,BrokenThreads,Facebook,14.0,28.0,UK,2020,9,3,12
Envious,2021-02-10 19:30:00,SuccessPill,Twitter,20.0,40.0,USA,2021,2,10,19
Dismissive,2018-08-18 14:40:00,CurtainShield,Instagram,12.0,24.0,Australia,2018,8,18,14
Despair,2022-02-28 21:00:00,FoggyLabyrinth,Facebook,8.0,16.0,Canada,2022,2,28,21
Bitterness,2019-10-15 10:30:00,IcyResentment,Twitter,15.0,30.0,UK,2019,10,15,10
Loneliness,2017-12-01 18:50:00,SolitaryMoon,Instagram,18.0,36.0,USA,2017,12,1,18
Yearning,2020-04-18 16:15:00,VanishedSunset,Facebook,10.0,20.0,Australia,2020,4,18,16
Fearful,2023-01-07 03:30:00,NightPrisoner,Twitter,18.0,36.0,India,2023,1,7,3
Apprehensive,2021-06-10 10:00:00,WindWhisperer,Instagram,14.0,28.0,Canada,2021,6,10,10
Overwhelmed,2020-02-22 15:20:00,MazeExplorer,Facebook,22.0,44.0,USA,2020,2,22,15
Jealous,2018-03-17 14:45:00,WoundedGarden,Twitter,16.0,32.0,UK,2018,3,17,14
Devastated,2022-10-28 11:15:00,RuinedHeart,Instagram,25.0,50.0,Australia,2022,10,28,11
Frustrated,2020-11-01 12:30:00,KnotUntangler,Facebook,14.0,28.0,India,2020,11,1,12
Envious,2021-01-15 22:10:00,ElusiveKeys,Twitter,20.0,40.0,USA,2021,1,15,22
Dismissive,2018-08-18 14:00:00,IndifferentFort,Instagram,12.0,24.0,Australia,2018,8,18,14
Frustrated,2022-01-07 11:10:00,DreamMosaic,Twitter,15.0,30.0,Canada,2022,1,7,11
Awe,2022-04-03 06:15:00,NatureAdmirer,Instagram,28.0,55.0,USA,2022,4,3,6
Determination,2023-10-12 10:30:00,GoalPursuer,Twitter,15.0,30.0,Canada,2023,10,12,10
Nostalgia,2019-06-28 19:00:00,MemoryLane,Facebook,22.0,45.0,UK,2019,6,28,19
Thrill,2020-09-15 14:45:00,CultureEnthusiast,Instagram,40.0,80.0,India,2020,9,15,14
Calmness,2017-11-08 21:20:00,RainWatcher,Twitter,18.0,35.0,Australia,2017,11,8,21
Overwhelmed,2021-05-20 17:30:00,PersonalJourney,Facebook,25.0,50.0,USA,2021,5,20,17
Excitement,2023-01-10 12:00:00,VacationDreamer,Instagram,30.0,60.0,France,2023,1,10,12
Gratitude,2018-12-05 08:45:00,LifeLearner,Twitter,35.0,70.0,Brazil,2018,12,5,8
Bittersweet,2020-03-15 18:30:00,FarewellSender,Instagram,20.0,40.0,Japan,2020,3,15,18
Curiosity,2016-08-22 15:10:00,HistoryExplorer,Facebook,18.0,35.0,Greece,2016,8,22,15
Admiration,2019-08-20 16:00:00,CraftEnthusiast,Instagram,25.0,50.0,USA,2019,8,20,16
Overjoyed,2021-12-08 19:30:00,WinterLover,Twitter,18.0,35.0,Canada,2021,12,8,19
Inspiration,2020-06-10 20:45:00,SunsetWatcher,Instagram,30.0,60.0,UK,2020,6,10,20
Motivation,2022-02-28 07:15:00,FitnessJunkie,Facebook,40.0,80.0,Australia,2022,2,28,7
Gratitude,2017-04-15 08:00:00,CoffeeLover,Twitter,22.0,45.0,India,2017,4,15,8
Empowerment,2018-09-05 14:20:00,HikingExplorer,Instagram,35.0,70.0,USA,2018,9,5,14
Amusement,2022-10-22 12:45:00,KittyObserver,Facebook,15.0,30.0,Canada,2022,10,22,12
Contemplation,2016-07-02 23:30:00,Stargazer,Twitter,28.0,55.0,UK,2016,7,2,23
JoyfulReunion,2020-11-18 17:10:00,FriendshipRenewal,Instagram,20.0,40.0,India,2020,11,18,17
Excitement,2023-03-05 15:00:00,CelebrationPlanner,Facebook,30.0,60.0,Australia,2023,3,5,15
Satisfaction,2015-12-01 11:30:00,DIYEnthusiast,Twitter,25.0,50.0,USA,2015,12,1,11
Blessed,2021-09-10 09:45:00,CommunityHelper,Instagram,18.0,35.0,UK,2021,9,10,9
Serenity,2018-05-12 14:20:00,GardenEnthusiast,Facebook,22.0,45.0,Canada,2018,5,12,14
Anticipation,2022-07-25 10:00:00,Wanderlust,Twitter,40.0,80.0,India,2022,7,25,10
Reflection,2019-03-08 18:30:00,GrowthSeeker,Instagram,35.0,70.0,USA,2019,3,8,18
Nostalgia,2017-01-28 21:15:00,ChildhoodMemories,Facebook,20.0,40.0,Australia,2017,1,28,21
Appreciation,2016-11-14 13:45:00,CultureExplorer,Twitter,28.0,55.0,UK,2016,11,14,13
Confidence,2020-04-02 17:30:00,PublicSpeaker,Instagram,15.0,30.0,USA,2020,4,2,17
Contentment,2023-01-15 19:00:00,FamilyCelebration,Facebook,25.0,50.0,Canada,2023,1,15,19
Enthusiasm,2018-08-07 12:15:00,LifelongLearner,Twitter,30.0,60.0,India,2018,8,7,12
Surprise,2019-10-18 16:45:00,CityExplorer,Instagram,18.0,35.0,UK,2019,10,18,16
Accomplishment,2022-06-30 07:00:00,FitnessAchiever,Facebook,22.0,45.0,Australia,2022,6,30,7
Wonderment,2017-06-12 18:20:00,RainbowChaser,Twitter,35.0,70.0,USA,2017,6,12,18
Optimism,2021-07-05 09:30:00,FutureOptimist,Instagram,20.0,40.0,Canada,2021,7,5,9
Pride,2016-04-15 14:50:00,CareerAchiever,Facebook,28.0,55.0,UK,2016,4,15,14
Happiness,2020-02-10 11:15:00,SunnyDayEnthusiast,Twitter,15.0,30.0,India,2020,2,10,11
Elation,2018-09-22 16:30:00,Bookworm,Instagram,40.0,80.0,USA,2018,9,22,16
Curiosity,2015-11-08 10:00:00,ArchaeologyEnthusiast,Facebook,18.0,35.0,Australia,2015,11,8,10
Enchantment,2022-08-10 22:00:00,NightSkyObserver,Instagram,25.0,50.0,Brazil,2022,8,10,22
Intrigue,2019-04-05 17:30:00,ArtConnoisseur,Twitter,18.0,35.0,France,2019,4,5,17
PlayfulJoy,2020-12-15 15:45:00,PlayfulParent,Facebook,22.0,45.0,Japan,2020,12,15,15
Mindfulness,2017-10-20 08:15:00,ZenSeeker,Instagram,35.0,70.0,Canada,2017,10,20,8
DreamChaser,2021-02-28 13:00:00,SkyDreamer,Twitter,30.0,60.0,Australia,2021,2,28,13
Elegance,2018-06-12 20:30:00,DanceEnthusiast,Facebook,28.0,55.0,UK,2018,6,12,20
Whimsy,2016-03-08 14:20:00,FairyTaleExplorer,Instagram,20.0,40.0,USA,2016,3,8,14
Pensive,2023-04-18 17:10:00,RuinsExplorer,Twitter,18.0,35.0,Greece,2023,4,18,17
Thrill,2020-07-25 12:45:00,RollercoasterFan,Facebook,22.0,45.0,Germany,2020,7,25,12
Harmony,2019-11-30 19:30:00,MusicHarmonist,Instagram,35.0,70.0,Sweden,2019,11,30,19
Creativity,2015-09-01 16:00:00,StudioArtist,Twitter,15.0,30.0,Italy,2015,9,1,16
Radiance,2022-05-05 10:15:00,SpringEnthusiast,Facebook,25.0,50.0,Netherlands,2022,5,5,10
Wonder,2018-07-08 23:00:00,CosmosExplorer,Instagram,40.0,80.0,South Africa,2018,7,8,23
Rejuvenation,2021-09-20 14:30:00,SeaBreezeLover,Twitter,18.0,35.0,Spain,2021,9,20,14
Inspiration,2016-11-15 11:45:00,ForestDreamer,Facebook,28.0,55.0,Portugal,2016,11,15,11
Coziness,2020-01-12 18:00:00,WinterWarmth,Instagram,30.0,60.0,Switzerland,2020,1,12,18
Gratitude,2017-12-28 19:15:00,FamilyGatherer,Facebook,22.0,45.0,Austria,2017,12,28,19
Adventure,2019-03-02 20:20:00,CulinaryExplorer,Twitter,35.0,70.0,Belgium,2019,3,2,20
Euphoria,2022-06-08 15:30:00,PuzzleSolver,Instagram,20.0,40.0,Denmark,2022,6,8,15
Awe,2018-08-18 14:45:00,CathedralVisitor,Facebook,18.0,35.0,Czech Republic,2018,8,18,14
Melodic,2019-04-05 17:30:00,MusicLover,Twitter,18.0,35.0,France,2019,4,5,17
FestiveJoy,2020-12-15 15:45:00,CarnivalGoer,Facebook,22.0,45.0,Japan,2020,12,15,15
InnerJourney,2017-10-20 08:15:00,MindfulExplorer,Instagram,35.0,70.0,Canada,2017,10,20,8
Freedom,2021-02-28 13:00:00,CoastalExplorer,Twitter,30.0,60.0,Australia,2021,2,28,13
Dazzle,2018-06-12 20:30:00,MasqueradeAttendee,Facebook,28.0,55.0,UK,2018,6,12,20
Whimsy,2016-03-08 14:20:00,FairyTaleAdventurer,Instagram,20.0,40.0,USA,2016,3,8,14
Reflection,2023-04-18 17:10:00,RuinsExplorer,Twitter,18.0,35.0,Greece,2023,4,18,17
Adrenaline,2020-07-25 12:45:00,ThrillSeeker,Facebook,22.0,45.0,Germany,2020,7,25,12
ArtisticBurst,2015-09-01 16:00:00,StudioArtist,Twitter,15.0,30.0,Italy,2015,9,1,16
CulinaryOdyssey,2019-03-02 20:20:00,CulinaryExplorer,Twitter,35.0,70.0,Belgium,2019,3,2,20
Curiosity,2015-11-08 10:00:00,ArchaeologyEnthusiast,Instagram,18.0,35.0,Australia,2015,11,8,10
Excitement,2020-12-02 17:30:00,SnowfallEnthusiast,Twitter,22.0,45.0,Canada,2020,12,2,17
Contentment,2017-06-10 12:15:00,BreadLover,Instagram,28.0,55.0,France,2017,6,10,12
Resilience,2021-04-15 14:20:00,NatureResilient,Facebook,35.0,70.0,USA,2021,4,15,14
Immersion,2019-09-28 19:45:00,Bookworm,Twitter,20.0,40.0,UK,2019,9,28,19
Nostalgia,2016-12-05 21:00:00,FamilyHistorian,Instagram,25.0,50.0,India,2016,12,5,21
Spark,2018-02-10 23:30:00,NightSkyWatcher,Facebook,30.0,60.0,Australia,2018,2,10,23
Gratitude,2023-02-15 08:30:00,TeaEnthusiast,Twitter,18.0,35.0,Japan,2023,2,15,8
Marvel,2015-08-22 15:00:00,MarketExplorer,Instagram,22.0,45.0,Brazil,2015,8,22,15
Serenity,2020-11-20 18:45:00,LakesideRetreater,Facebook,28.0,55.0,Germany,2020,11,20,18
Heartbreak,2019-08-05 21:00:00,LostInLove,Instagram,15.0,30.0,USA,2019,8,5,21
Loneliness,2021-02-12 16:45:00,SolitudeSeeker,Twitter,18.0,35.0,Canada,2021,2,12,16
Grief,2020-11-28 14:20:00,FriendshipsEnd,Facebook,22.0,45.0,UK,2020,11,28,14
Despair,2016-05-15 22:30:00,LostInDarkness,Instagram,28.0,55.0,Australia,2016,5,15,22
Betrayal,2018-09-10 13:15:00,BrokenTrust,Twitter,22.0,45.0,Germany,2018,9,10,13
Suffering,2022-03-20 19:30:00,SilentSufferer,Facebook,25.0,50.0,Brazil,2022,3,20,19
EmotionalStorm,2017-07-18 17:45:00,StormyFeelings,Instagram,30.0,60.0,India,2017,7,18,17
Regret,2018-12-15 10:00:00,LingeringGhost,Twitter,18.0,35.0,France,2018,12,15,10
Grief,2015-06-28 21:15:00,EchoesOfLoss,Facebook,28.0,55.0,Italy,2015,6,28,21
Isolation,2020-04-02 14:20:00,WinterOfEmotions,Instagram,35.0,70.0,Japan,2020,4,2,14
Disappointment,2019-10-08 18:30:00,ShatteredHopes,Twitter,20.0,40.0,Spain,2019,10,8,18
LostLove,2016-11-22 09:45:00,AbyssOfTime,Facebook,22.0,45.0,Netherlands,2016,11,22,9
Despair,2022-08-18 22:00:00,SolitaryDescent,Instagram,40.0,80.0,South Africa,2022,8,18,22
Melancholy,2017-03-12 23:30:00,SerenadeOfSolitude,Twitter,18.0,35.0,UK,2017,3,12,23
Bitterness,2015-12-15 16:15:00,PoisonedHeart,Facebook,25.0,50.0,Australia,2015,12,15,16
Exhaustion,2021-09-05 13:30:00,WearySoulCrushed,Instagram,35.0,70.0,Canada,2021,9,5,13
Sorrow,2018-05-22 20:45:00,StringsOfSorrow,Twitter,18.0,35.0,Germany,2018,5,22,20
Darkness,2016-07-10 18:20:00,SoulInShadow,Facebook,28.0,55.0,USA,2016,7,10,18
Desperation,2019-04-30 14:00:00,WhisperedDespair,Instagram,22.0,45.0,France,2019,4,30,14
Ruins,2022-01-08 11:30:00,DreamsInWind,Twitter,20.0,40.0,Brazil,2022,1,8,11
Desolation,2017-09-10 19:15:00,DreamEchoes,Twitter,20.0,40.0,Australia,2017,9,10,19
Regret,2022-04-18 11:30:00,RemorseWalker,Instagram,25.0,50.0,Canada,2022,4,18,11
Grief,2018-12-05 21:45:00,JoyLabyrinth,Facebook,18.0,35.0,USA,2018,12,5,21
Loneliness,2016-06-28 14:20:00,SolitudeSeas,Twitter,22.0,45.0,UK,2016,6,28,14
Bitterness,2019-10-22 17:00:00,PalateStainer,Instagram,15.0,30.0,Germany,2019,10,22,17
Desolation,2021-03-15 22:45:00,HopeRuins,Facebook,28.0,55.0,Brazil,2021,3,15,22
Heartbreak,2017-08-10 19:30:00,OceanSinker,Twitter,22.0,45.0,France,2017,8,10,19
Grief,2023-01-28 14:30:00,InkJournalist,Instagram,30.0,60.0,India,2023,1,28,14
Betrayal,2016-12-12 10:00:00,TrustWasteland,Facebook,25.0,50.0,Italy,2016,12,12,10
Resilience,2020-07-18 15:15:00,DreamTightrope,Twitter,35.0,70.0,Japan,2020,7,18,15
Isolation,2022-05-20 20:30:00,EchoedLaughter,Instagram,30.0,60.0,South Africa,2022,5,20,20
Regret,2019-11-08 14:45:00,PossibilityGhost,Twitter,18.0,35.0,Spain,2019,11,8,14
Despair,2017-03-28 22:00:00,EndlessLabyrinth,Facebook,28.0,55.0,Australia,2017,3,28,22
Sorrow,2020-09-15 18:15:00,RiverOfSorrow,Instagram,22.0,45.0,Canada,2020,9,15,18
Desolation,2018-06-10 13:30:00,DreamGardener,Twitter,20.0,40.0,UK,2018,6,10,13
Grief,2016-12-22 21:45:00,CurrencyOfTears,Facebook,25.0,50.0,USA,2016,12,22,21
Betrayal,2021-01-05 16:20:00,MazeWanderer,Instagram,15.0,30.0,Germany,2021,1,5,16
Heartbreak,2019-04-18 11:00:00,StormSeeker,Twitter,22.0,45.0,Brazil,2019,4,18,11
Despair,2017-08-28 19:30:00,TapestrySorrow,Facebook,18.0,35.0,India,2017,8,28,19
Loss,2023-02-10 14:30:00,WitheredRose,Instagram,28.0,55.0,France,2023,2,10,14
Heartache,2022-07-10 22:15:00,LoveSongEcho,Instagram,30.0,60.0,Japan,2022,7,10,22
Nostalgia,2019-05-15 21:30:00,MoonlitMemories,Twitter,18.0,35.0,Italy,2019,5,15,21
Grief,2018-11-28 14:00:00,SymphonyOfTears,Facebook,22.0,45.0,Germany,2018,11,28,14
Betrayal,2021-03-02 17:45:00,VenomousGarden,Instagram,25.0,50.0,Canada,2021,3,2,17
Despair,2016-10-18 19:30:00,QuicksandFighter,Twitter,20.0,40.0,USA,2016,10,18,19
Desolation,2020-08-15 12:30:00,DreamCemetery,Facebook,28.0,55.0,France,2020,8,15,12
Regret,2017-04-28 16:20:00,RegretRiver,Instagram,18.0,35.0,UK,2017,4,28,16
Loss,2019-09-10 21:00:00,HeartAttic,Twitter,22.0,45.0,Australia,2019,9,10,21
Betrayal,2022-01-28 13:45:00,PromiseGallery,Facebook,15.0,30.0,Brazil,2022,1,28,13
Solitude,2016-06-15 22:30:00,EchoedConversation,Instagram,30.0,60.0,Spain,2016,6,15,22
Joy,2021-08-20 15:45:00,SunshineDancer,Instagram,40.0,80.0,USA,2021,8,20,15
Happiness,2018-04-12 18:30:00,EchoedLaughter,Twitter,35.0,70.0,Canada,2018,4,12,18
Contentment,2022-02-15 12:20:00,GardenOfJoy,Facebook,25.0,50.0,UK,2022,2,15,12
Enthusiasm,2019-10-28 14:15:00,DreamChaser,Instagram,30.0,60.0,Australia,2019,10,28,14
Gratitude,2017-12-22 21:00:00,StarSerenader,Twitter,22.0,45.0,India,2017,12,22,21
Accomplishment,2020-06-10 17:30:00,GlowAchiever,Facebook,28.0,55.0,Germany,2020,6,10,17
Positivity,2016-09-18 19:45:00,DanceHarmony,Instagram,18.0,35.0,France,2016,9,18,19
Joy,2023-03-10 14:30:00,LaughterCup,Twitter,20.0,40.0,Japan,2023,3,10,14
Kindness,2019-05-05 12:15:00,QuiltedCompassion,Facebook,25.0,50.0,Brazil,2019,5,5,12
Friendship,2018-08-28 16:00:00,FriendshipGarden,Instagram,30.0,60.0,South Africa,2018,8,28,16
Love,2022-11-15 20:45:00,MelodyOfLove,Twitter,35.0,70.0,USA,2022,11,15,20
Joy,2019-07-02 17:00:00,ColorfulLaughter,Instagram,40.0,80.0,Canada,2019,7,2,17
Excitement,2021-04-18 14:20:00,SymphonyFervor,Facebook,30.0,60.0,UK,2021,4,18,14
Surprise,2023-02-05 19:30:00,WrappedDelight,Twitter,25.0,50.0,Australia,2023,2,5,19
Curiosity,2018-09-22 12:45:00,MazeDiscovery,Instagram,22.0,45.0,India,2018,9,22,12
Gratitude,2016-12-10 21:15:00,CloudsOfBlessings,Facebook,28.0,55.0,Germany,2016,12,10,21
Inspiration,2020-05-28 16:00:00,CometCreativity,Twitter,18.0,35.0,France,2020,5,28,16
Success,2017-11-15 22:30:00,FireworksTriumph,Instagram,22.0,45.0,Japan,2017,11,15,22
Happiness,2021-08-02 19:00:00,LaughterSymphony,Facebook,30.0,60.0,Brazil,2021,8,2,19
Thrill,2019-03-28 15:30:00,EmotionCarnival,Instagram,35.0,70.0,South Africa,2019,3,28,15
Reflection,2018-05-12 17:30:00,ParisDreamer,Twitter,28.0,55.0,France,2018,5,12,17
Enchantment,2022-09-28 15:45:00,DisneylandExplorer,Instagram,30.0,60.0,USA,2022,9,28,15
Excitement,2019-11-10 14:00:00,FerrariSpeedster,Facebook,22.0,45.0,Italy,2019,11,10,14
Joy,2021-04-02 18:20:00,KeukenhofAdventurer,Instagram,35.0,70.0,Netherlands,2021,4,2,18
Exploration,2017-08-22 21:30:00,KyotoAdventurer,Twitter,18.0,35.0,Japan,2017,8,22,21
Awe,2020-06-15 16:45:00,CanyonMarveler,Instagram,25.0,50.0,USA,2020,6,15,16
Serenity,2016-09-10 19:15:00,SantoriniTraveler,Facebook,22.0,45.0,Greece,2016,9,10,19
Amazement,2023-01-28 13:00:00,PetraExplorer,Twitter,30.0,60.0,Jordan,2023,1,28,13
Romance,2019-04-18 16:30:00,VeniceRomantic,Instagram,20.0,40.0,Italy,2019,4,18,16
Awe,2017-11-05 22:00:00,MachuPicchuAdventurer,Facebook,28.0,55.0,Peru,2017,11,5,22
Excitement,2022-07-20 21:45:00,TimesSquareExplorer,Instagram,35.0,70.0,USA,2022,7,20,21
Captivation,2018-03-15 17:30:00,ColosseumAdventurer,Twitter,25.0,50.0,Italy,2018,3,15,17
Serenity,2019-10-28 14:15:00,MaldivesSailor,Facebook,22.0,45.0,Maldives,2019,10,28,14
Wonder,2021-06-10 16:00:00,AmazonExplorer,Instagram,30.0,60.0,Brazil,2021,6,10,16
Awe,2017-08-18 19:30:00,GreatWallWalker,Twitter,18.0,35.0,China,2017,8,18,19
Accomplishment,2020-04-15 05:30:00,FujiSummitAchiever,Facebook,28.0,55.0,Japan,2020,4,15,5
Exploration,2016-11-22 13:00:00,AngkorWatAdventurer,Instagram,20.0,40.0,Cambodia,2016,11,22,13
Adventure,2019-01-10 14:45:00,AlpsSkiAdventurer,Twitter,22.0,45.0,Switzerland,2019,1,10,14
Tranquility,2023-02-28 16:20:00,KyotoBambooSeeker,Facebook,25.0,50.0,Japan,2023,2,28,16
Grandeur,2018-05-28 18:30:00,NorwayFjordExplorer,Instagram,22.0,45.0,Norway,2018,5,28,18
Emotion,2022-09-15 20:00:00,AdeleConcertGoer,Instagram,40.0,80.0,USA,2022,9,15,20
Energy,2019-07-28 21:30:00,BeyonceDancer,Twitter,35.0,70.0,USA,2019,7,28,21
Enchantment,2021-05-10 19:45:00,SwiftieDreamer,Facebook,30.0,60.0,USA,2021,5,10,19
Nostalgia,2018-12-02 22:15:00,QueenTributeFan,Instagram,22.0,45.0,UK,2018,12,2,22
Serenity,2020-08-18 19:00:00,SheeranMelodyLover,Twitter,18.0,35.0,UK,2020,8,18,19
Joy,2017-03-28 20:30:00,MarsJoyExplorer,Facebook,28.0,55.0,USA,2017,3,28,20
Celebration,2022-01-15 21:15:00,MJTributeDancer,Instagram,25.0,50.0,USA,2022,1,15,21
Charm,2019-06-10 18:45:00,SinatraCharmListener,Twitter,22.0,45.0,USA,2019,6,10,18
Ecstasy,2023-03-20 22:30:00,MetallicaMoshWarrior,Facebook,35.0,70.0,USA,2023,3,20,22
Hope,2016-11-28 19:00:00,ColdplayHopeSeeker,Instagram,30.0,60.0,UK,2016,11,28,19
Enthusiasm,2018-08-05 20:00:00,BieberDanceEnthusiast,Instagram,40.0,80.0,Canada,2018,8,5,20
Creativity,2021-04-15 21:30:00,GagaArtisticChameleon,Twitter,35.0,70.0,USA,2021,4,15,21
Emotion,2019-11-28 19:45:00,AdeleMelodyTearjerker,Facebook,30.0,60.0,UK,2019,11,28,19
Colorful,2020-06-22 22:00:00,KatyPerryColorExplosion,Instagram,22.0,45.0,USA,2020,6,22,22
Pride,2017-09-10 20:15:00,JayZEmpireListener,Twitter,18.0,35.0,USA,2017,9,10,20
Hypnotic,2022-02-28 21:15:00,ShakiraHipsDancer,Facebook,28.0,55.0,Colombia,2022,2,28,21
Connection,2016-05-15 19:30:00,U2ConnectionSeeker,Instagram,25.0,50.0,Ireland,2016,5,15,19
Iconic,2018-12-10 22:30:00,GunsNRosesRiffRockstar,Twitter,22.0,45.0,USA,2018,12,10,22
Euphoria,2023-01-22 20:00:00,ArianaEuphoriaChaser,Facebook,35.0,70.0,USA,2023,1,22,20
Journey,2020-03-05 18:45:00,MarleyReggaeTraveler,Instagram,30.0,60.0,Jamaica,2020,3,5,18
Excitement,2018-10-12 20:00:00,MovieEnthusiastPremiereAttendee,Twitter,40.0,80.0,USA,2018,10,12,20
Nostalgia,2019-06-25 22:15:00,FilmLoverNostalgiaSeeker,Instagram,35.0,70.0,UK,2019,6,25,22
Engagement,2020-07-08 19:30:00,WebSeriesViewerCharacterConnection,Facebook,30.0,60.0,Canada,2020,7,8,19
Pride,2017-09-18 21:45:00,IndieFilmmakerFestivalSuccess,Twitter,22.0,45.0,Australia,2017,9,18,21
Touched,2021-01-15 18:00:00,DramaEnthusiastHeartwarmingMoments,Instagram,28.0,55.0,India,2021,1,15,18
Gratitude,2016-02-28 20:30:00,AwardWinningActorOscarsRecipient,Facebook,18.0,35.0,USA,2016,2,28,20
Inspiration,2022-04-20 17:30:00,DocumentaryEnthusiastHiddenGemFinder,Twitter,22.0,45.0,France,2022,4,20,17
Contemplation,2019-11-05 21:15:00,FilmBuffContemplativeViewer,Instagram,28.0,55.0,Germany,2019,11,5,21
Suspense,2015-07-12 22:00:00,CrimeSeriesEnthusiastThrillSeeker,Facebook,35.0,70.0,Japan,2015,7,12,22
Satisfaction,2020-09-10 19:45:00,FilmCriticSatisfactionSeeker,Twitter,22.0,45.0,Brazil,2020,9,10,19
Joy,2018-07-15 21:30:00,FootballFanWorldCupCelebration,Instagram,40.0,80.0,Brazil,2018,7,15,21
Inspiration,2020-08-08 19:45:00,OlympicsEnthusiastGoldMedalWinner,Twitter,35.0,70.0,USA,2020,8,8,19
Excitement,2019-06-25 22:15:00,CricketFanChampionshipThrills,Facebook,30.0,60.0,India,2019,6,25,22
Admiration,2021-11-07 17:30:00,MarathonSpectatorRecordBreaking,Instagram,22.0,45.0,Kenya,2021,11,7,17
Captivation,2017-09-10 20:15:00,TennisEnthusiastGrandSlamDrama,Twitter,28.0,55.0,UK,2017,9,10,20
Triumph,2022-06-20 21:00:00,BasketballFanUnderdogTriumph,Facebook,18.0,35.0,USA,2022,6,20,21
Awe,2016-04-10 18:30:00,GolfEnthusiastPrecisionVictory,Instagram,22.0,45.0,Scotland,2016,4,10,18
Thrill,2019-11-24 19:45:00,F1FanHighSpeedRaceExcitement,Twitter,28.0,55.0,Germany,2019,11,24,19
Determination,2015-09-28 22:30:00,CyclingEnthusiastWorldChampion,Facebook,35.0,70.0,Italy,2015,9,28,22
Heartwarming,2020-12-12 20:00:00,HockeyFanComebackVictory,Instagram,22.0,45.0,Canada,2020,12,12,20
Disappointment,2019-11-02 18:45:00,SoccerFanTeamDefeats,Twitter,40.0,80.0,Brazil,2019,11,2,18
Frustration,2018-07-10 21:15:00,TennisEnthusiastUnexpectedSetback,Instagram,35.0,70.0,USA,2018,7,10,21
Reflection,2020-09-18 19:30:00,BoxingFanChampionshipDefeat,Facebook,30.0,60.0,UK,2020,9,18,19
Obstacle,2017-05-15 22:00:00,CyclingEnthusiastTireBlowout,Twitter,22.0,45.0,France,2017,5,15,22
Sympathy,2021-04-05 20:15:00,GymnasticsFanRoutineFall,Instagram,28.0,55.0,Japan,2021,4,5,20
Pressure,2016-08-20 18:30:00,GolfEnthusiastMissedPutt,Facebook,18.0,35.0,USA,2016,8,20,18
Renewed Effort,2019-02-12 19:45:00,BasketballFanTeamLosses,Twitter,22.0,45.0,Canada,2019,2,12,19
Miscalculation,2015-06-28 20:00:00,SwimmingEnthusiastRaceSetback,Instagram,28.0,55.0,Australia,2015,6,28,20
Challenge,2022-01-08 21:30:00,WeightliftingFanFailedRecord,Facebook,35.0,70.0,Germany,2022,1,8,21
Despair,2018-12-15 20:15:00,SoccerPlayerOwnGoalMoment,Twitter,22.0,45.0,Spain,2018,12,15,20
Tranquility,2021-07-10 19:00:00,NatureEnthusiastSunsetWonder,Instagram,40.0,80.0,Canada,2021,7,10,19
Adventure,2019-09-28 20:30:00,TravelEnthusiastRoadTripDiscovery,Twitter,35.0,70.0,USA,2019,9,28,20
Solace,2022-03-15 18:45:00,UrbanExplorerCafeSolitude,Facebook,30.0,60.0,France,2022,3,15,18
Creativity,2017-11-05 21:15:00,ArtEnthusiastStreetArtExploration,Instagram,22.0,45.0,Brazil,2017,11,5,21
Breakthrough,2020-05-20 16:30:00,ScienceEnthusiastDiscoveryMoment,Twitter,28.0,55.0,Germany,2020,5,20,16
Harmony,2016-08-22 19:45:00,MusicLoverLiveOrchestraExperience,Facebook,18.0,35.0,UK,2016,8,22,19
Joy in Baking,2023-04-10 17:15:00,HomeBakerDeliciousMemories,Instagram,22.0,45.0,India,2023,4,10,17
Envisioning History,2015-12-18 18:00:00,HistoryBuffMuseumExploration,Twitter,28.0,55.0,Italy,2015,12,18,18
Imagination,2021-10-08 20:30:00,BookwormCaptivatingNovelEscape,Facebook,35.0,70.0,Japan,2021,10,8,20
Vibrancy,2019-03-22 21:45:00,PhotographyEnthusiastMarketMoments,Instagram,22.0,45.0,Australia,2019,3,22,21
Mesmerizing,2018-06-15 22:00:00,DanceEnthusiastCityNightPerformance,Twitter,40.0,80.0,USA,2018,6,15,22
Culinary Adventure,2019-08-28 19:30:00,FoodieMarketStreetFoodExploration,Instagram,35.0,70.0,Thailand,2019,8,28,19
Winter Magic,2022-12-01 17:45:00,SnowLoverWinterEnthusiast,Facebook,30.0,60.0,Canada,2022,12,1,17
Thrilling Journey,2017-04-10 21:15:00,MysteryBookwormSuspensefulRead,Twitter,22.0,45.0,UK,2017,4,10,21
Nature's Beauty,2020-05-15 18:30:00,GardeningEnthusiastFlowerGarden,Instagram,28.0,55.0,Australia,2020,5,15,18
Celestial Wonder,2016-09-22 20:00:00,AstronomyEnthusiastStargazing,Facebook,18.0,35.0,USA,2016,9,22,20
Creative Inspiration,2023-02-12 19:45:00,CoffeeLoverWritersRetreat,Twitter,22.0,45.0,France,2023,2,12,19
Runway Creativity,2015-11-10 21:00:00,FashionEnthusiastDesignerShowcase,Instagram,28.0,55.0,Italy,2015,11,10,21
Ocean's Freedom,2021-07-20 18:15:00,SurfingEnthusiastWaveRider,Facebook,22.0,45.0,Brazil,2021,7,20,18
Whispers of the Past,2019-04-18 20:30:00,HistoryExplorerAncientCityTour,Twitter,35.0,70.0,Greece,2019,4,18,20
Excitement,2023-05-20 19:45:00,CrushAvoider,Twitter,15.0,30.0,USA,2023,5,20,19
Boredom,2023-05-21 21:00:00,MovieBuff,Instagram,18.0,35.0,Canada,2023,5,21,21
Joy,2023-05-22 14:30:00,SelfieAddict,Facebook,22.0,45.0,UK,2023,5,22,14
Frustration,2023-05-23 16:45:00,AudioExplorer,Twitter,20.0,40.0,USA,2023,5,23,16
Surprise,2023-05-24 13:15:00,MemeCreator,Instagram,25.0,50.0,Canada,2023,5,24,13
Indifference,2023-05-25 19:00:00,FashionBlunder,Facebook,20.0,40.0,USA,2023,5,25,19
Satisfaction,2023-05-26 14:20:00,GroupGenius,Twitter,28.0,55.0,UK,2023,5,26,14
Disgust,2023-05-27 21:15:00,ChipExplorer,Instagram,22.0,45.0,Canada,2023,5,27,21
Surprise,2023-05-28 12:00:00,ExcitementSeeker,Facebook,18.0,35.0,USA,2023,5,28,12
Joy,2023-05-29 23:30:00,NightReader,Twitter,30.0,60.0,UK,2023,5,29,23
Excitement,2023-05-30 20:45:00,GamingEnthusiast,Instagram,22.0,45.0,USA,2023,5,30,20
Joy,2023-05-31 15:30:00,LazyWatcher,Facebook,35.0,70.0,Canada,2023,5,31,15
Excitement,2023-06-01 18:00:00,TrendExplorer,Twitter,20.0,40.0,USA,2023,6,1,18
Frustration,2023-06-02 14:30:00,MusicalExplorer,Instagram,28.0,55.0,UK,2023,6,2,14
Joy,2023-06-03 21:15:00,MusicAficionado,Facebook,22.0,45.0,Canada,2023,6,3,21
Pride,2023-06-04 19:30:00,HomeChef,Twitter,25.0,50.0,USA,2023,6,4,19
Excitement,2023-06-05 10:00:00,AdventureSeeker,Instagram,18.0,35.0,UK,2023,6,5,10
Joy,2023-06-06 22:30:00,DanceEnthusiast,Facebook,28.0,55.0,Canada,2023,6,6,22
Joy,2023-06-07 12:45:00,NostalgiaExplorer,Twitter,22.0,45.0,USA,2023,6,7,12
Excitement,2023-06-08 16:00:00,HomeDecorator,Instagram,35.0,70.0,UK,2023,6,8,16
Curiosity,2023-06-09 14:00:00,ArtExplorer,Facebook,20.0,40.0,USA,2023,6,9,14
Curiosity,2023-06-10 17:30:00,ThoughtfulBlogger,Twitter,30.0,60.0,Canada,2023,6,10,17
Contentment,2023-06-11 15:30:00,NovelEnthusiast,Instagram,35.0,70.0,USA,2023,6,11,15
Gratitude,2023-06-12 18:00:00,WiseSoul,Twitter,28.0,55.0,UK,2023,6,12,18
Curiosity,2023-06-13 14:45:00,ArtAdventurer,Facebook,22.0,45.0,Canada,2023,6,13,14
Contentment,2023-06-14 19:30:00,HomeChefSenior,Instagram,25.0,50.0,USA,2023,6,14,19
Curiosity,2023-06-15 12:15:00,LinguisticExplorer,Twitter,30.0,60.0,UK,2023,6,15,12
Joy,2023-06-16 21:45:00,MusicConnoisseur,Facebook,18.0,35.0,Canada,2023,6,16,21
Joy,2023-06-17 15:00:00,PhotographySenior,Instagram,35.0,70.0,USA,2023,6,17,15
Contentment,2023-06-18 11:30:00,TeaTimeSenior,Twitter,28.0,55.0,UK,2023,6,18,11
Joy,2023-06-19 16:30:00,RoadTripSenior,Facebook,22.0,45.0,Canada,2023,6,19,16
Joy,2023-06-20 14:20:00,ChoirEnthusiast,Instagram,20.0,40.0,USA,2023,6,20,14
Contentment,2023-06-21 19:00:00,MeditationSenior,Twitter,18.0,35.0,UK,2023,6,21,19
Contentment,2023-06-22 13:45:00,GardenEnthusiast,Facebook,25.0,50.0,USA,2023,6,22,13
Contentment,2023-06-23 18:45:00,WineConnoisseur,Instagram,28.0,55.0,UK,2023,6,23,18
Joy,2023-06-24 16:15:00,ArtisticSenior,Twitter,22.0,45.0,Canada,2023,6,24,16
Gratitude,2023-06-25 20:30:00,MemoiristSenior,Facebook,35.0,70.0,USA,2023,6,25,20
Curiosity,2023-06-26 14:00:00,HistoryEnthusiast,Instagram,30.0,60.0,UK,2023,6,26,14
Contentment,2023-06-27 17:45:00,FamilyChefSenior,Twitter,20.0,40.0,USA,2023,6,27,17
Joy,2023-06-28 22:15:00,NaturePhotographySenior,Facebook,18.0,35.0,UK,2023,6,28,22
Joy,2023-06-29 16:30:00,JazzMusicLover,Instagram,25.0,50.0,USA,2023,6,29,16
Gratitude,2023-06-30 19:30:00,SeniorWordsmith,Twitter,28.0,55.0,UK,2023,6,30,19
Excitement,2023-07-01 14:00:00,SoloAdventurer,Instagram,30.0,60.0,USA,2023,7,1,14
Joy,2023-07-02 18:30:00,CarEnthusiastSenior,Facebook,22.0,45.0,UK,2023,7,2,18
Joy,2023-07-03 12:45:00,GreenThumbSenior,Twitter,28.0,55.0,Canada,2023,7,3,12
Contentment,2023-07-04 17:00:00,FamilyHostSenior,Instagram,35.0,70.0,USA,2023,7,4,17
Joy,2023-07-05 20:15:00,DanceEnthusiastSenior,Twitter,18.0,35.0,UK,2023,7,5,20
Joy,2023-07-06 14:30:00,ArtGalleryVisitor,Facebook,25.0,50.0,USA,2023,7,6,14
Joy,2023-07-07 19:45:00,SeniorBookClub,Instagram,22.0,45.0,UK,2023,7,7,19
Contentment,2023-07-08 16:00:00,SeniorPicnicHost,Twitter,30.0,60.0,Canada,2023,7,8,16
Joy,2023-07-09 22:30:00,SeniorActor,Facebook,20.0,40.0,USA,2023,7,9,22
Excitement,2023-07-10 14:20:00,SeniorHikerExplorer,Instagram,28.0,55.0,UK,2023,7,10,14
Gratitude,2023-07-11 18:45:00,SeniorPhotographerExhibitor,Twitter,22.0,45.0,Canada,2023,7,11,18
Excitement,2023-07-12 13:45:00,SeniorCyclingEnthusiast,Facebook,25.0,50.0,USA,2023,7,12,13
Joy,2023-07-13 20:00:00,SeniorWineConnoisseur,Instagram,35.0,70.0,UK,2023,7,13,20
Joy,2023-07-14 16:15:00,SeniorBallroomDancer,Twitter,20.0,40.0,USA,2023,7,14,16
Joy,2023-07-15 19:30:00,SeniorPaintingOrganizer,Facebook,28.0,55.0,Canada,2023,7,15,19
Gratitude,2023-07-16 14:00:00,SeniorMemoriesHost,Instagram,30.0,60.0,USA,2023,7,16,14
Curiosity,2023-07-17 22:15:00,SeniorStargazer,Twitter,18.0,35.0,UK,2023,7,17,22
Joy,2023-07-18 16:30:00,SeniorJazzFestivalGoer,Facebook,25.0,50.0,USA,2023,7,18,16
Gratitude,2023-07-19 19:45:00,WisdomBloggerSenior,Instagram,22.0,45.0,UK,2023,7,19,19
Excitement,2023-07-20 17:00:00,SeniorCharityRunner,Twitter,30.0,60.0,Canada,2023,7,20,17
Relief,2023-08-01 13:30:00,PhysicsWhizHighSchool,Instagram,20.0,40.0,USA,2023,8,1,13
Excitement,2023-08-02 14:45:00,CodeExplorerHighSchool,Twitter,25.0,50.0,UK,2023,8,2,14
Excitement,2023-08-03 12:15:00,DebateWarriorHighSchool,Facebook,18.0,35.0,Canada,2023,8,3,12
Joy,2023-08-04 16:30:00,PhotoClubHighSchool,Instagram,22.0,45.0,USA,2023,8,4,16
Excitement,2023-08-05 19:45:00,PromDreamerHighSchool,Twitter,30.0,60.0,Canada,2023,8,5,19
Positive,2023-08-06 14:00:00,OutdoorClassHighSchool,Facebook,28.0,55.0,USA,2023,8,6,14
Embarrassed,2023-08-07 19:45:00,PaintSpillHighSchool,Instagram,22.0,45.0,UK,2023,8,7,19
Excitement,2023-08-08 16:00:00,SkateProHighSchool,Twitter,30.0,60.0,Canada,2023,8,8,16
Joy,2023-08-09 22:30:00,KpopFangirlHighSchool,Facebook,20.0,40.0,USA,2023,8,9,22
Joy,2023-08-10 14:20:00,ChemistryWizardHighSchool,Instagram,28.0,55.0,UK,2023,8,10,14
Joy,2023-08-11 18:45:00,BirthdayPartyPlannerHighSchool,Twitter,22.0,45.0,Canada,2023,8,11,18
Excitement,2023-08-12 13:45:00,DramaClubStarHighSchool,Facebook,25.0,50.0,USA,2023,8,12,13
Excitement,2023-08-13 20:00:00,FantasyBookNerdHighSchool,Instagram,35.0,70.0,UK,2023,8,13,20
Joy,2023-08-14 16:15:00,DoodleMasterHighSchool,Twitter,20.0,40.0,USA,2023,8,14,16
Excitement,2023-08-15 19:30:00,HandstandChallengeHighSchool,Facebook,28.0,55.0,Canada,2023,8,15,19
Mischievous,2023-08-16 14:00:00,SnackSmugglerHighSchool,Instagram,30.0,60.0,USA,2023,8,16,14
Excitement,2023-08-17 22:15:00,SleepoverHostHighSchool,Twitter,18.0,35.0,UK,2023,8,17,22
Embarrassed,2023-08-18 16:30:00,TikTokFailHighSchool,Facebook,25.0,50.0,USA,2023,8,18,16
Embarrassed,2023-08-19 19:45:00,SocialMediaBlunderHighSchool,Instagram,22.0,45.0,UK,2023,8,19,19
Embarrassed,2023-08-20 17:00:00,CrushFailHighSchool,Twitter,30.0,60.0,Canada,2023,8,20,17
Joy,2023-08-21 15:45:00,PaperPlaneExpertHighSchool,Instagram,15.0,30.0,USA,2023,8,21,15
Excitement,2023-08-22 12:30:00,JugglingProHighSchool,Facebook,22.0,40.0,Canada,2023,8,22,12
Mischievous,2023-08-23 16:45:00,SnackNinjaHighSchool,Twitter,28.0,55.0,USA,2023,8,23,16
Excitement,2023-08-24 18:20:00,ScavengerHuntMasterHighSchool,Instagram,20.0,38.0,UK,2023,8,24,18
Joy,2023-08-25 14:15:00,RainDanceCelebrationHighSchool,Facebook,25.0,50.0,Canada,2023,8,25,14
Embarrassed,2023-08-26 17:30:00,GroupChatBlunderHighSchool,Twitter,18.0,35.0,USA,2023,8,26,17
Embarrassed,2023-08-27 20:45:00,MagicFailHighSchool,Instagram,22.0,45.0,UK,2023,8,27,20
Joy,2023-08-28 16:00:00,OrigamiProHighSchool,Twitter,18.0,36.0,USA,2023,8,28,16
Excitement,2023-08-29 13:45:00,HackySackChampionHighSchool,Instagram,26.0,48.0,Canada,2023,8,29,13
Joy,2023-08-30 17:30:00,SecretHandshakeHighSchool,Facebook,20.0,40.0,USA,2023,8,30,17
Excitement,2023-08-31 20:15:00,BurgerQuestHighSchool,Twitter,24.0,42.0,UK,2023,8,31,20
Joy,2023-09-01 14:45:00,ComedyGeniusHighSchool,Instagram,21.0,39.0,Canada,2023,9,1,14
Embarrassed,2023-09-02 18:30:00,LoveLetterBlunderHighSchool,Facebook,17.0,33.0,USA,2023,9,2,18
Excitement,2023-09-03 22:00:00,ScienceExperimentProHighSchool,Twitter,23.0,44.0,UK,2023,9,3,22
Joy,2023-09-04 15:15:00,BraceletCraftsmanHighSchool,Instagram,19.0,37.0,USA,2023,9,4,15
Excitement,2023-09-05 12:30:00,CartwheelMasterHighSchool,Twitter,27.0,52.0,Canada,2023,9,5,12
Joy,2023-09-06 16:45:00,MovieMarathonHostHighSchool,Facebook,22.0,43.0,UK,2023,9,6,16
Excitement,2023-09-07 18:20:00,HairColorExperimentHighSchool,Instagram,20.0,39.0,USA,2023,9,7,18
Joy,2023-09-08 14:15:00,TimeCapsuleCreatorHighSchool,Facebook,26.0,48.0,Canada,2023,9,8,14
Embarrassed,2023-09-09 17:30:00,ClassroomBlunderHighSchool,Twitter,16.0,32.0,USA,2023,9,9,17
Excitement,2023-09-10 20:45:00,SmoothieConnoisseurHighSchool,Instagram,23.0,42.0,UK,2023,9,10,20
Sad,2023-09-11 15:45:00,OverwhelmedHighSchoolStudent,Twitter,15.0,28.0,USA,2023,9,11,15
Hate,2023-09-12 12:30:00,DealingWithHateHighSchool,Instagram,18.0,36.0,Canada,2023,9,12,12
Bad,2023-09-13 16:45:00,ToughDayHighSchool,Facebook,20.0,40.0,UK,2023,9,13,16
Sad,2023-09-14 18:20:00,SportsTeamRejectionHighSchool,Twitter,17.0,34.0,USA,2023,9,14,18
Hate,2023-09-15 14:15:00,CafeteriaConflictHighSchool,Instagram,21.0,41.0,Canada,2023,9,15,14
Bad,2023-09-16 17:30:00,ProjectGradeDisappointmentHighSchool,Facebook,19.0,38.0,UK,2023,9,16,17
Sad,2023-09-17 20:45:00,PersonalSetbackHighSchool,Twitter,22.0,44.0,USA,2023,9,17,20
Sad,2023-09-18 22:00:00,LonelySaturdayHighSchool,Instagram,16.0,31.0,Canada,2023,9,18,22
Hate,2023-09-19 15:15:00,CyberbullyingVictimHighSchool,Facebook,14.0,27.0,UK,2023,9,19,15
Bad,2023-09-20 12:30:00,RainyDayBluesHighSchool,Twitter,18.0,35.0,USA,2023,9,20,12
Sad,2023-09-21 16:45:00,MissedOpportunityHighSchool,Instagram,20.0,39.0,Canada,2023,9,21,16
Hate,2023-09-22 18:20:00,RumorVictimHighSchool,Facebook,23.0,46.0,UK,2023,9,22,18
Bad,2023-09-23 14:15:00,FlatTireWoesHighSchool,Twitter,25.0,50.0,USA,2023,9,23,14
Sad,2023-09-24 17:30:00,FriendMovingAwayHighSchool,Instagram,21.0,42.0,Canada,2023,9,24,17
Sad,2023-09-25 20:45:00,CollegeRejectionHighSchool,Facebook,19.0,37.0,UK,2023,9,25,20
Hate,2023-09-26 14:15:00,GamingToxicityHighSchool,Twitter,16.0,32.0,USA,2023,9,26,14
Bad,2023-09-27 17:30:00,BadHairDayBluesHighSchool,Instagram,18.0,36.0,Canada,2023,9,27,17
Sad,2023-09-28 22:00:00,ProjectFailureDespairHighSchool,Facebook,21.0,41.0,UK,2023,9,28,22
Hate,2023-09-29 15:45:00,OpinionsHateHighSchool,Twitter,24.0,48.0,USA,2023,9,29,15
Bad,2023-09-30 18:20:00,TechMalfunctionWoesHighSchool,Instagram,22.0,43.0,Canada,2023,9,30,18
Sad,2023-10-01 14:15:00,MissedEventBluesHighSchool,Facebook,20.0,39.0,UK,2023,10,1,14
Neutral,2023-10-02 16:45:00,StudyTechniqueExperimentHighSchool,Instagram,23.0,42.0,USA,2023,10,2,16
Neutral,2023-10-03 12:30:00,CommunityCleanupHighSchool,Twitter,26.0,50.0,Canada,2023,10,3,12
Neutral,2023-10-04 18:20:00,BookRecommendationsHighSchool,Facebook,19.0,38.0,UK,2023,10,4,18
Neutral,2023-10-05 14:15:00,BakeSaleRecipeExperimentHighSchool,Instagram,21.0,43.0,USA,2023,10,5,14
Neutral,2023-10-06 17:30:00,SchoolProjectCollaborationHighSchool,Twitter,18.0,36.0,Canada,2023,10,6,17
Neutral,2023-10-07 20:45:00,ExtracurricularExplorationHighSchool,Instagram,22.0,45.0,UK,2023,10,7,20
Neutral,2023-10-08 15:15:00,PartTimeJobExplorationHighSchool,Facebook,24.0,48.0,USA,2023,10,8,15
Neutral,2023-10-09 22:00:00,SchoolAssemblyParticipationHighSchool,Twitter,20.0,40.0,Canada,2023,10,9,22
Neutral,2023-10-10 14:15:00,PhotographyHobbyHighSchool,Instagram,25.0,49.0,UK,2023,10,10,14
Neutral,2023-10-11 16:45:00,ScienceFairParticipationHighSchool,Facebook,19.0,37.0,USA,2023,10,11,16
Neutral,2023-10-12 18:20:00,TimeManagementWorkshopHighSchool,Twitter,23.0,44.0,Canada,2023,10,12,18
Neutral,2023-10-13 12:30:00,CharityEventVolunteerHighSchool,Instagram,20.0,39.0,UK,2023,10,13,12
Neutral,2023-10-14 17:30:00,GroupProjectCollaborationHighSchool,Facebook,18.0,35.0,USA,2023,10,14,17
Neutral,2023-10-15 20:45:00,DebateClubParticipationHighSchool,Twitter,22.0,43.0,Canada,2023,10,15,20
Happy,2023-10-16 15:45:00,BirthdaySurpriseHighSchool,Instagram,27.0,52.0,UK,2023,10,16,15
Happy,2023-10-17 12:30:00,CodingSuccessHighSchool,Twitter,24.0,48.0,USA,2023,10,17,12
Happy,2023-10-18 16:45:00,TalentShowSupportHighSchool,Facebook,19.0,38.0,Canada,2023,10,18,16
Happy,2023-10-19 18:20:00,WeekendHikeHighSchool,Instagram,21.0,42.0,UK,2023,10,19,18
Happy,2023-10-20 14:15:00,SportsVictoryHighSchool,Twitter,26.0,50.0,USA,2023,10,20,14
Happy,2023-10-21 17:30:00,PenPalConnectionHighSchool,Facebook,23.0,45.0,Canada,2023,10,21,17
Happy,2023-10-22 20:45:00,MuralCreationHighSchool,Instagram,22.0,43.0,UK,2023,10,22,20
Happy,2015-11-10 16:45:00,ArtExhibitionJoyHighSchool,Instagram,23.0,44.0,USA,2015,11,10,16
Happy,2016-09-14 12:30:00,TrackFieldSuccessHighSchool,Twitter,26.0,51.0,Canada,2016,9,14,12
Happy,2017-08-18 18:20:00,ScienceProjectSuccessHighSchool,Facebook,20.0,39.0,UK,2017,8,18,18
Happy,2018-06-22 14:15:00,BirthdayPartyJoyHighSchool,Instagram,25.0,48.0,USA,2018,6,22,14
Happy,2019-04-05 17:30:00,CharityFundraisingTriumphHighSchool,Twitter,22.0,42.0,Canada,2019,4,5,17
Happy,2020-02-29 20:45:00,MulticulturalFestivalJoyHighSchool,Facebook,21.0,43.0,UK,2020,2,29,20
Happy,2020-11-15 15:15:00,VirtualTalentShowSuccessHighSchool,Instagram,24.0,47.0,USA,2020,11,15,15
